Customer_ID,Customer_Segment,Monthly_Cloud_Spend,Service_Usage_EC2,Service_Usage_S3,Service_Usage_RDS,Contract_Term_Length,Discount_Rate,Customer_Satisfaction_Score,Renewal_Likelihood
CUST_1,Enterprise,35209.92,100.7,158.1,26.9,36,21.8,1,0.6
CUST_2,Startup,27268.72,275.5,146.4,25.5,36,24.9,3,0.53
CUST_3,SMB,16166.85,437.7,12.6,90.7,24,11.3,3,0.94
CUST_4,SMB,40875.96,368.8,105.7,25.7,48,20.6,4,0.71
CUST_5,Enterprise,34551.83,405.2,117.2,27.9,12,19.3,5,0.75
CUST_6,Enterprise,8968.23,332.8,122.7,76.2,12,25.8,2,0.96
CUST_7,Enterprise,45635.43,349.2,176.2,45.5,36,27.7,1,0.89
CUST_8,Startup,41304.32,426.1,162.4,77.9,24,5.3,1,0.57
CUST_9,SMB,47540.2,132.3,184.3,7.5,36,21.9,5,0.78
CUST_10,SMB,36560.26,249.8,230.6,49.3,36,6.3,4,0.72
CUST_11,Enterprise,31057.34,118.4,244.8,4.3,12,18.7,4,0.9
CUST_12,Startup,21493.91,494.0,216.8,7.2,36,12.2,5,0.86
CUST_13,Startup,46703.7,472.6,286.9,90.7,24,12.7,4,0.85
CUST_14,Enterprise,43437.13,29.3,10.4,14.8,24,13.8,1,0.67
CUST_15,Enterprise,3215.71,355.7,62.8,53.7,24,20.5,1,0.9
CUST_16,Enterprise,2291.98,463.4,7.2,41.7,48,13.4,2,0.53
CUST_17,Enterprise,19446.7,98.5,196.0,35.4,12,23.3,5,0.58
CUST_18,SMB,40717.11,288.3,269.9,90.1,24,15.1,3,0.67
CUST_19,Enterprise,49376.53,458.6,76.8,3.2,24,6.7,3,0.54
CUST_20,Enterprise,8370.43,26.6,278.5,66.7,36,24.6,2,0.62
CUST_21,SMB,30112.41,351.7,22.8,96.4,24,12.1,2,0.92
CUST_22,Enterprise,19663.65,155.7,280.7,56.5,12,15.8,4,0.97
CUST_23,Enterprise,48525.81,463.0,108.7,93.7,12,22.1,2,0.65
CUST_24,Enterprise,42263.83,485.8,34.9,6.2,12,13.3,2,0.63
CUST_25,Enterprise,42078.11,472.7,148.3,42.5,36,6.4,3,0.64
CUST_26,SMB,23965.96,242.4,80.7,26.8,12,14.3,4,0.64
CUST_27,Enterprise,21326.16,432.4,89.0,73.4,12,28.6,2,0.52
CUST_28,SMB,14396.95,423.8,95.7,98.1,48,21.0,2,0.96
CUST_29,SMB,3762.4,166.4,241.9,26.4,12,21.8,4,0.61
CUST_30,Enterprise,43371.4,416.2,164.1,65.8,48,20.8,5,0.71
CUST_31,SMB,40832.15,28.1,96.8,20.6,24,10.0,4,0.5
CUST_32,Enterprise,49986.17,302.2,185.0,57.0,36,15.5,3,0.93
CUST_33,Enterprise,49835.21,122.7,216.3,46.9,12,23.8,5,0.87
CUST_34,Startup,28216.15,69.1,85.4,97.2,12,7.5,1,0.97
CUST_35,Startup,38680.38,47.7,127.0,61.2,36,11.9,4,0.89
CUST_36,Startup,47293.52,351.2,41.0,35.6,36,11.9,3,0.66
CUST_37,Enterprise,42632.72,176.5,58.4,12.3,36,15.8,5,0.62
CUST_38,Enterprise,13120.06,365.1,205.9,16.0,12,29.5,4,0.85
CUST_39,SMB,23076.66,42.0,58.5,23.3,36,6.7,2,0.68
CUST_40,Enterprise,7328.81,164.5,159.9,25.8,36,18.0,4,0.78
CUST_41,Enterprise,47748.5,274.4,214.2,85.2,24,9.5,1,0.5
CUST_42,Enterprise,30702.56,397.5,36.5,56.6,36,29.3,4,0.53
CUST_43,Enterprise,12203.5,166.2,172.4,52.8,36,7.8,5,0.77
CUST_44,Startup,33913.33,316.7,80.7,12.4,24,15.1,5,0.78
CUST_45,Enterprise,31288.28,444.1,289.1,86.2,12,23.4,4,0.88
CUST_46,SMB,18549.97,311.8,147.6,72.6,24,22.6,5,0.57
CUST_47,Enterprise,6564.32,124.2,242.8,7.7,12,15.6,2,0.76
CUST_48,SMB,33907.09,22.0,167.3,71.1,24,13.7,4,0.6
CUST_49,SMB,26495.08,436.3,17.8,54.8,24,14.9,2,0.55
CUST_50,Enterprise,38843.6,20.4,191.8,9.1,12,11.6,2,0.71
CUST_51,Startup,26488.01,438.6,285.7,46.4,12,10.1,3,0.58
CUST_52,SMB,42756.89,269.2,182.5,49.0,12,17.1,4,0.61
CUST_53,Startup,28043.44,470.1,246.7,17.4,36,11.7,5,0.66
CUST_54,Startup,28485.96,401.4,265.8,94.6,48,12.2,2,0.63
CUST_55,SMB,43956.03,499.0,72.3,85.1,12,21.4,3,0.54
CUST_56,Startup,20770.66,181.8,67.6,67.2,48,29.2,4,0.54
CUST_57,Enterprise,7566.75,385.9,185.2,46.8,24,20.1,4,0.6
CUST_58,Enterprise,2410.35,206.9,126.3,41.8,12,6.9,1,0.53
CUST_59,Enterprise,38001.73,245.1,252.8,65.4,12,6.9,1,0.81
CUST_60,Enterprise,31395.17,317.5,270.5,55.0,24,28.8,2,0.64
CUST_61,Enterprise,35499.91,438.1,109.3,7.2,36,12.4,1,0.64
CUST_62,Enterprise,11435.24,492.2,74.9,51.7,36,7.3,2,0.67
CUST_63,Startup,7682.2,386.5,235.3,80.8,12,20.0,5,0.83
CUST_64,Enterprise,1712.69,214.7,86.1,46.5,12,20.6,2,0.94
CUST_65,Enterprise,18178.79,216.5,247.7,6.1,24,21.2,1,0.88
CUST_66,SMB,29905.97,371.4,130.0,78.8,12,11.7,5,0.86
CUST_67,Enterprise,20219.96,127.0,201.9,20.9,12,5.4,1,0.74
CUST_68,Startup,22436.27,64.1,33.2,26.6,12,29.1,2,0.85
CUST_69,Enterprise,45303.78,183.8,189.0,17.3,36,11.3,3,0.78
CUST_70,Startup,18064.52,150.7,138.3,33.7,48,21.9,4,0.61
CUST_71,SMB,26185.48,155.2,178.0,75.9,24,22.7,1,0.6
CUST_72,Enterprise,39399.0,124.5,54.6,52.4,48,20.3,2,0.65
CUST_73,Enterprise,20430.6,30.6,222.4,21.3,12,12.8,5,0.96
CUST_74,Startup,31482.25,18.8,259.5,87.9,24,11.8,1,0.77
CUST_75,SMB,43255.82,494.0,68.9,88.1,12,19.9,1,0.87
CUST_76,SMB,47526.51,219.6,33.2,87.2,24,26.7,4,0.67
CUST_77,SMB,8206.6,198.3,12.0,24.6,48,28.7,2,0.7
CUST_78,Enterprise,46402.79,343.0,194.4,45.7,24,7.6,3,0.56
CUST_79,Enterprise,25113.7,116.9,184.1,98.5,12,8.9,5,0.59
CUST_80,Enterprise,13653.98,475.5,166.3,77.4,24,28.6,2,0.91
CUST_81,Startup,23497.65,395.3,73.4,3.7,12,23.4,5,0.79
CUST_82,SMB,49021.6,53.8,120.3,7.5,36,27.1,1,0.67
CUST_83,Enterprise,25138.29,214.6,180.4,46.9,24,10.1,4,0.9
CUST_84,Enterprise,17108.83,440.8,151.5,91.0,24,19.7,4,0.62
CUST_85,Enterprise,32036.64,472.9,296.4,54.3,24,22.5,3,0.99
CUST_86,Enterprise,12767.14,239.0,45.2,50.3,24,22.0,4,0.67
CUST_87,SMB,4717.3,310.6,210.1,11.4,12,15.2,1,0.67
CUST_88,SMB,7315.11,91.8,124.3,66.0,24,5.4,3,0.66
CUST_89,Startup,7274.25,495.7,131.3,82.4,12,19.6,2,0.56
CUST_90,Enterprise,8443.23,123.5,216.7,38.7,36,11.3,4,0.56
CUST_91,Enterprise,7802.53,471.9,209.3,77.8,36,16.3,3,0.82
CUST_92,SMB,32402.86,328.3,297.4,96.5,36,28.9,1,0.94
CUST_93,SMB,9912.12,307.8,42.9,21.2,24,15.0,5,0.9
CUST_94,SMB,17937.7,261.2,35.7,52.8,24,26.0,5,0.57
CUST_95,SMB,44942.63,123.0,218.7,29.4,12,9.7,1,0.77
CUST_96,Enterprise,24224.12,96.5,175.6,79.5,36,21.8,1,0.55
CUST_97,SMB,33710.33,118.0,85.9,58.2,12,29.4,5,0.52
CUST_98,Enterprise,9443.67,101.4,28.4,63.8,24,7.5,3,0.83
CUST_99,Enterprise,10422.16,392.0,30.3,80.0,12,5.2,5,0.77
CUST_100,Enterprise,3002.56,181.6,268.8,40.2,12,15.8,1,0.54
CUST_101,Enterprise,9277.82,38.3,61.6,91.6,24,7.3,4,0.52
CUST_102,SMB,14650.93,484.9,100.4,53.8,12,23.7,2,0.99
CUST_103,Enterprise,9673.51,443.1,71.9,16.6,36,27.9,4,0.52
CUST_104,SMB,5346.42,464.6,109.7,69.9,12,15.9,4,0.72
CUST_105,Startup,6911.16,497.5,25.5,79.5,12,11.5,1,0.75
CUST_106,Enterprise,23578.16,95.2,158.1,32.4,24,15.9,5,0.56
CUST_107,Enterprise,11110.35,204.2,24.9,85.9,12,23.1,3,0.58
CUST_108,SMB,18849.22,381.5,241.1,90.7,12,5.2,4,0.68
CUST_109,Enterprise,25667.45,351.1,73.9,28.4,36,19.7,5,0.88
CUST_110,Enterprise,34829.35,85.4,164.3,98.4,12,20.3,3,0.75
CUST_111,Enterprise,2926.29,409.8,264.6,14.9,36,20.9,4,0.82
CUST_112,Enterprise,40171.11,120.0,197.0,21.0,12,11.1,3,0.99
CUST_113,Startup,31767.12,119.7,162.2,19.2,12,22.9,5,0.88
CUST_114,Startup,5006.19,273.1,100.7,89.5,36,7.3,2,0.72
CUST_115,SMB,43805.35,300.5,103.2,65.8,12,10.0,5,0.72
CUST_116,Startup,46122.75,294.2,202.5,16.1,12,26.9,1,0.81
CUST_117,Startup,3992.82,54.8,298.3,44.6,12,23.5,3,0.83
CUST_118,Enterprise,14567.0,440.0,200.2,61.9,12,5.3,2,0.75
CUST_119,Startup,40503.86,140.1,169.5,9.3,36,11.2,3,0.82
CUST_120,SMB,37664.72,73.5,220.5,88.4,12,10.4,3,0.51
CUST_121,Startup,10041.53,445.5,142.2,80.6,36,11.8,4,0.71
CUST_122,Startup,11258.12,478.3,22.7,51.0,36,11.2,1,0.64
CUST_123,Enterprise,19153.13,432.4,170.9,96.7,24,6.6,3,0.56
CUST_124,Enterprise,24741.63,406.7,287.5,42.4,48,16.5,5,0.55
CUST_125,Enterprise,31294.48,331.1,56.7,98.4,12,23.3,5,0.8
CUST_126,Enterprise,19076.77,279.9,208.6,67.1,48,20.2,4,0.76
CUST_127,Startup,23664.2,52.6,64.3,63.8,12,21.8,1,0.63
CUST_128,Startup,37626.08,210.1,163.1,17.4,24,7.0,1,0.74
CUST_129,Enterprise,2797.48,192.6,33.5,88.3,24,28.8,5,0.75
CUST_130,SMB,13369.41,137.3,137.9,43.3,12,26.0,2,0.6
CUST_131,Enterprise,35954.13,364.5,228.1,17.1,24,25.1,4,0.83
CUST_132,Enterprise,44865.14,253.0,107.5,2.2,36,25.6,4,0.89
CUST_133,Enterprise,26072.19,49.7,201.1,56.4,12,28.3,5,0.9
CUST_134,Enterprise,27073.56,117.9,239.7,53.2,12,18.6,5,0.8
CUST_135,Startup,6251.43,344.8,278.5,72.2,36,10.0,2,0.76
CUST_136,Enterprise,22923.21,47.3,74.2,89.1,24,20.4,2,0.53
CUST_137,SMB,27098.25,427.1,122.8,8.9,48,23.6,1,0.64
CUST_138,SMB,12881.05,252.6,50.0,73.4,36,23.4,4,0.55
CUST_139,Enterprise,14192.92,245.5,297.8,19.6,48,18.0,4,0.98
CUST_140,Startup,19486.92,300.3,278.5,86.0,36,6.7,5,0.57
CUST_141,Startup,1983.49,414.1,164.3,82.1,12,14.3,1,0.58
CUST_142,Enterprise,16781.88,180.4,253.4,54.5,12,28.0,4,0.94
CUST_143,Enterprise,11360.95,342.2,158.7,71.3,36,19.6,1,0.97
CUST_144,Enterprise,17047.37,287.2,189.0,32.1,24,18.5,1,0.88
CUST_145,Enterprise,6868.34,140.8,31.3,47.6,12,11.7,5,0.5
CUST_146,Enterprise,44635.84,440.5,227.8,82.3,12,14.2,1,0.5
CUST_147,SMB,30086.03,400.7,42.7,46.5,48,27.4,2,0.69
CUST_148,SMB,34276.01,332.6,248.7,36.4,24,21.7,2,0.57
CUST_149,Enterprise,39669.39,426.8,235.7,49.9,24,24.7,3,0.51
CUST_150,Enterprise,25423.67,435.0,214.1,83.0,24,16.4,5,0.73
CUST_151,Startup,5259.09,357.1,15.7,34.2,12,20.8,3,0.97
CUST_152,Enterprise,27318.22,420.1,94.4,18.2,12,11.2,2,0.66
CUST_153,Enterprise,29755.21,351.8,82.6,71.5,12,22.6,3,0.83
CUST_154,Enterprise,37526.53,343.3,111.2,82.8,12,15.7,5,0.83
CUST_155,Startup,22151.32,313.1,30.9,11.0,36,16.1,5,0.63
CUST_156,Enterprise,7251.43,378.8,281.4,24.7,24,21.2,1,0.83
CUST_157,SMB,14905.02,87.7,168.4,15.1,36,28.4,4,0.61
CUST_158,SMB,18791.03,441.6,95.1,35.4,36,6.6,1,0.56
CUST_159,Enterprise,32649.94,437.2,122.1,45.6,12,25.6,5,0.85
CUST_160,SMB,28968.14,24.3,136.9,75.1,24,12.3,2,0.56
CUST_161,Enterprise,18448.74,414.7,182.2,65.5,24,16.1,2,1.0
CUST_162,SMB,49339.25,73.1,157.1,62.5,36,5.5,1,0.59
CUST_163,SMB,30682.97,174.2,276.2,35.9,12,12.5,5,0.8
CUST_164,SMB,12624.11,374.3,151.6,84.3,24,17.6,2,0.71
CUST_165,Enterprise,5987.34,88.8,297.7,47.7,24,6.4,5,0.56
CUST_166,Startup,8490.1,410.8,256.2,97.9,12,17.3,2,0.51
CUST_167,Enterprise,13051.93,417.7,66.5,63.8,12,28.2,5,0.81
CUST_168,Enterprise,8873.39,258.7,279.5,13.5,24,7.6,3,0.9
CUST_169,Enterprise,10141.78,13.1,39.3,67.9,36,24.1,5,0.92
CUST_170,SMB,14969.66,150.6,246.1,33.2,12,15.2,5,0.74
CUST_171,SMB,9495.31,312.3,117.3,68.9,24,21.4,1,0.89
CUST_172,Enterprise,44941.51,490.8,264.0,7.9,12,11.5,3,0.84
CUST_173,SMB,4931.45,319.6,261.1,18.3,36,9.0,4,0.86
CUST_174,Enterprise,26701.06,137.3,242.7,85.7,12,9.0,1,0.75
CUST_175,SMB,21109.44,320.7,238.1,23.5,36,6.8,4,0.82
CUST_176,Enterprise,49136.55,274.6,94.9,83.9,12,9.6,2,0.9
CUST_177,SMB,6489.91,392.1,28.9,28.6,12,21.6,4,0.7
CUST_178,Enterprise,20494.92,62.4,123.9,64.6,12,27.0,5,0.9
CUST_179,Startup,48504.05,382.9,56.2,69.7,12,25.4,4,0.8
CUST_180,Enterprise,43409.85,275.2,210.0,51.8,24,22.1,1,0.58
CUST_181,Enterprise,41036.53,481.9,107.1,31.2,12,7.8,1,0.51
CUST_182,Enterprise,13637.24,177.5,292.8,22.1,36,12.2,4,0.68
CUST_183,Startup,9373.49,320.0,194.1,4.3,12,12.7,1,0.77
CUST_184,Startup,33763.52,466.7,247.6,31.1,12,11.2,1,0.92
CUST_185,Enterprise,46539.42,60.2,44.1,65.7,12,17.9,4,0.56
CUST_186,SMB,28281.38,469.2,259.3,93.9,12,18.4,3,0.9
CUST_187,Startup,29009.02,347.1,277.2,87.2,12,13.9,3,0.93
CUST_188,SMB,14718.98,43.2,148.7,76.8,24,13.8,2,0.58
CUST_189,SMB,38705.15,157.5,183.8,79.1,24,25.7,1,0.93
CUST_190,Enterprise,10165.14,357.0,230.6,66.8,24,24.7,4,1.0
CUST_191,Enterprise,16860.28,43.0,56.6,26.8,24,12.7,1,0.86
CUST_192,Startup,21846.39,295.3,153.3,90.8,24,27.8,5,0.89
CUST_193,Startup,25872.91,179.5,122.6,67.4,12,28.8,1,1.0
CUST_194,SMB,12878.08,314.2,48.2,56.5,24,13.2,1,0.8
CUST_195,Enterprise,6627.0,32.4,113.4,12.0,48,13.9,3,0.65
CUST_196,Enterprise,30920.38,437.1,25.1,45.3,24,17.6,4,0.92
CUST_197,SMB,15142.9,487.0,12.6,46.6,24,28.5,1,0.81
CUST_198,Startup,29480.67,484.8,44.9,86.6,12,26.9,3,0.79
CUST_199,Startup,8563.77,377.3,289.1,55.1,36,7.6,2,0.63
CUST_200,SMB,24575.86,73.7,167.1,38.7,36,14.8,3,0.88
CUST_201,SMB,27096.88,381.5,289.9,97.7,24,18.8,3,0.54
CUST_202,Enterprise,3539.35,22.0,132.6,12.0,48,17.6,3,0.96
CUST_203,Enterprise,17493.61,20.8,97.0,42.8,12,9.8,1,0.66
CUST_204,Startup,7586.32,168.6,154.3,5.2,12,26.5,1,0.56
CUST_205,SMB,4105.37,249.4,134.7,74.3,36,21.9,2,0.72
CUST_206,Enterprise,49508.05,387.5,36.2,91.9,36,25.9,5,0.52
CUST_207,Enterprise,16795.34,344.8,194.0,28.7,12,26.5,5,0.84
CUST_208,SMB,40683.85,228.5,68.7,86.0,12,23.7,5,0.95
CUST_209,Enterprise,13477.39,144.1,187.8,29.9,12,16.0,2,0.92
CUST_210,Enterprise,34393.63,498.6,196.8,91.2,12,20.3,5,0.56
CUST_211,SMB,38251.17,218.8,49.8,75.6,36,9.0,5,0.56
CUST_212,SMB,30186.3,231.2,23.1,80.7,24,21.8,3,0.91
CUST_213,SMB,24107.23,90.2,235.3,2.8,12,9.5,1,0.96
CUST_214,Enterprise,21180.2,399.5,140.6,96.3,12,22.3,1,0.73
CUST_215,SMB,18094.55,349.9,22.2,72.9,12,10.7,3,0.75
CUST_216,Enterprise,46546.93,118.2,298.5,31.2,12,7.9,3,0.66
CUST_217,Enterprise,41700.35,50.4,22.0,83.1,24,9.1,3,0.95
CUST_218,SMB,48286.32,343.4,210.0,28.9,48,5.0,1,0.82
CUST_219,SMB,7090.56,330.7,295.2,87.4,36,23.0,5,0.64
CUST_220,Startup,36812.51,143.9,75.6,12.1,12,23.3,3,0.65
CUST_221,SMB,46978.68,475.9,47.0,70.7,36,17.9,2,0.95
CUST_222,SMB,9880.42,84.0,40.8,54.5,36,9.0,3,0.51
CUST_223,Enterprise,4258.32,221.8,94.5,10.6,36,7.1,4,0.66
CUST_224,Enterprise,37314.91,472.4,34.8,24.9,24,5.5,3,0.78
CUST_225,Enterprise,29149.18,215.7,209.2,2.2,12,9.1,1,0.57
CUST_226,Enterprise,42249.61,322.9,23.4,47.4,12,27.3,3,0.55
CUST_227,Startup,7848.85,204.8,155.3,30.8,12,11.0,4,0.91
CUST_228,Enterprise,39968.1,144.4,299.0,60.2,12,13.9,2,0.95
CUST_229,Startup,10879.74,492.1,245.1,30.4,12,7.6,5,0.91
CUST_230,SMB,9019.14,210.6,186.5,30.7,24,10.6,3,0.95
CUST_231,SMB,9049.02,448.1,95.3,74.6,36,18.0,4,0.78
CUST_232,SMB,40914.16,122.7,189.0,5.8,24,20.2,4,0.91
CUST_233,SMB,33594.66,114.4,160.5,90.4,12,11.1,2,0.69
CUST_234,Enterprise,26630.21,25.3,130.7,85.4,48,6.4,1,0.83
CUST_235,Enterprise,18582.69,329.3,43.6,67.1,48,14.8,3,0.99
CUST_236,SMB,43982.83,190.6,266.5,59.7,36,10.9,4,0.61
CUST_237,Enterprise,20229.81,433.5,137.7,89.3,48,10.5,2,0.69
CUST_238,Enterprise,41013.37,241.9,62.4,19.3,24,29.0,5,0.74
CUST_239,SMB,22517.61,484.4,113.5,8.8,48,20.4,4,0.57
CUST_240,Enterprise,19470.28,100.9,127.2,24.7,12,18.9,2,0.54
CUST_241,Startup,23671.31,435.6,249.1,79.7,12,15.4,1,0.91
CUST_242,Startup,15767.52,390.5,221.4,4.4,12,15.7,1,0.99
CUST_243,Startup,37632.86,387.8,231.9,58.7,12,18.5,4,0.7
CUST_244,Enterprise,25633.3,423.9,8.3,99.5,12,22.4,4,0.54
CUST_245,Enterprise,12378.42,382.9,127.8,85.7,24,22.6,3,0.53
CUST_246,Startup,45079.15,316.8,147.0,52.6,36,9.3,2,0.95
CUST_247,Enterprise,19810.67,74.3,10.7,7.3,24,17.5,4,0.73
CUST_248,Startup,27634.09,25.9,81.6,83.3,12,15.3,3,0.66
CUST_249,Startup,45417.13,461.2,229.3,60.3,36,26.8,3,0.74
CUST_250,Startup,31587.66,312.2,45.4,12.4,24,20.8,4,0.66
CUST_251,Enterprise,6728.0,400.3,162.9,10.3,12,18.3,1,0.74
CUST_252,Enterprise,47051.77,245.9,68.5,91.1,24,7.9,2,0.93
CUST_253,Startup,31757.69,67.5,8.6,67.3,12,20.1,2,0.8
CUST_254,Enterprise,17410.38,71.3,76.2,83.1,12,7.9,1,0.85
CUST_255,Enterprise,7824.33,345.9,292.9,88.0,48,13.4,4,0.68
CUST_256,SMB,39907.23,220.8,241.5,57.6,12,8.6,2,0.87
CUST_257,Startup,31383.57,108.3,288.1,52.2,24,22.3,4,0.83
CUST_258,SMB,27139.59,250.9,148.9,43.6,36,10.2,4,0.56
CUST_259,SMB,44800.74,41.5,37.4,32.4,36,14.8,3,0.79
CUST_260,Enterprise,39641.26,295.2,166.6,44.0,12,27.4,1,0.63
CUST_261,SMB,8432.07,141.8,139.0,77.6,12,10.1,4,0.9
CUST_262,Startup,16274.38,400.8,254.1,60.6,12,17.7,5,0.71
CUST_263,Enterprise,13175.97,162.1,33.9,89.4,24,15.5,1,1.0
CUST_264,SMB,37453.37,233.1,149.0,44.9,24,5.5,2,0.55
CUST_265,Startup,2643.09,15.7,49.3,61.1,12,24.8,3,0.89
CUST_266,SMB,28924.59,45.5,100.8,63.5,48,6.7,2,0.84
CUST_267,SMB,38360.48,202.3,222.5,59.6,24,16.9,2,0.88
CUST_268,SMB,43961.52,245.2,145.4,70.6,12,19.0,1,0.65
CUST_269,Enterprise,17762.01,304.0,115.9,24.5,24,20.7,2,0.75
CUST_270,Enterprise,41241.61,152.9,121.4,51.7,24,22.2,4,0.9
CUST_271,Startup,6420.96,350.5,140.5,11.3,12,11.3,2,0.62
CUST_272,Startup,42476.16,431.5,236.6,39.1,12,5.2,3,0.61
CUST_273,Startup,7246.94,392.1,268.2,49.3,36,23.1,3,0.78
CUST_274,Startup,20467.08,29.4,286.8,65.6,24,18.4,5,0.76
CUST_275,SMB,40067.47,245.4,237.1,95.1,24,25.9,3,0.64
CUST_276,SMB,8345.95,61.4,98.0,60.5,24,25.5,2,0.65
CUST_277,SMB,12233.32,128.6,208.0,74.6,12,26.1,3,0.64
CUST_278,SMB,36390.38,493.5,134.1,51.1,12,17.1,1,0.89
CUST_279,SMB,36281.79,79.8,80.1,63.8,24,13.3,3,0.83
CUST_280,SMB,32416.23,254.5,253.1,8.0,12,24.8,4,0.92
CUST_281,Startup,35003.47,312.9,16.3,26.2,12,16.3,1,0.99
CUST_282,Enterprise,27593.5,354.2,271.0,36.8,36,9.6,5,0.74
CUST_283,Enterprise,13338.15,284.2,141.1,47.8,48,26.4,4,0.53
CUST_284,Enterprise,17939.1,14.8,193.0,5.5,36,27.1,2,0.52
CUST_285,SMB,9898.29,170.0,199.5,14.9,36,16.7,2,0.65
CUST_286,Enterprise,45514.08,263.7,269.1,28.4,12,6.9,2,0.97
CUST_287,Enterprise,29586.2,53.1,192.8,97.2,48,14.7,4,0.76
CUST_288,SMB,20641.72,181.8,186.1,33.8,12,25.1,4,0.64
CUST_289,Enterprise,23638.28,26.3,24.7,48.7,48,27.5,4,0.7
CUST_290,SMB,47416.88,48.5,157.9,20.4,48,10.1,1,0.8
CUST_291,Enterprise,8514.22,204.5,49.3,61.5,36,6.7,1,0.83
CUST_292,Enterprise,29725.26,75.0,222.5,28.8,48,26.9,2,0.58
CUST_293,Startup,25788.55,288.1,156.1,21.5,24,14.7,3,0.99
CUST_294,Enterprise,30961.26,347.8,205.7,52.1,12,18.5,2,0.77
CUST_295,Enterprise,1887.4,402.3,17.3,1.5,24,29.2,5,0.57
CUST_296,SMB,43734.07,108.1,30.0,1.8,24,6.7,1,0.95
CUST_297,SMB,46673.8,92.1,216.3,22.7,12,21.2,4,0.54
CUST_298,Enterprise,28691.53,61.2,26.3,4.6,24,6.9,1,0.95
CUST_299,SMB,35135.89,321.9,26.0,11.7,48,14.4,4,1.0
CUST_300,Enterprise,46202.47,356.2,8.6,34.5,12,25.1,5,0.85
CUST_301,Enterprise,35654.69,25.5,287.2,80.5,36,15.8,5,0.89
CUST_302,SMB,8474.41,468.7,222.6,57.6,48,29.9,1,0.67
CUST_303,SMB,29238.13,35.5,109.2,51.8,48,19.0,4,0.97
CUST_304,SMB,30729.04,275.2,92.5,30.1,48,13.0,5,0.76
CUST_305,SMB,21782.4,357.4,108.2,93.2,24,10.5,2,0.87
CUST_306,Startup,37085.77,436.8,233.5,40.3,48,13.8,2,0.96
CUST_307,SMB,46783.98,359.9,200.1,9.6,36,14.3,4,0.99
CUST_308,Enterprise,46352.86,402.8,59.6,62.1,12,6.7,1,0.92
CUST_309,SMB,23091.13,176.3,56.4,12.3,24,14.2,5,0.65
CUST_310,Enterprise,6548.66,409.3,34.0,35.2,36,16.6,1,0.98
CUST_311,Enterprise,49257.22,49.3,199.8,51.2,12,23.1,2,0.81
CUST_312,Enterprise,42106.01,448.5,230.5,87.5,24,21.4,5,0.97
CUST_313,Enterprise,7108.47,278.3,83.2,49.9,24,22.7,1,0.84
CUST_314,Startup,46121.25,410.5,11.2,70.5,12,5.2,3,0.65
CUST_315,Startup,43624.92,231.6,29.2,99.3,24,10.4,4,0.69
CUST_316,SMB,26423.06,325.4,290.5,14.0,36,21.5,4,0.78
CUST_317,Enterprise,29972.5,267.9,92.2,28.2,24,17.1,3,0.9
CUST_318,Enterprise,20551.13,368.5,231.9,40.1,12,5.1,2,0.66
CUST_319,Enterprise,3683.32,50.0,189.3,42.8,12,25.1,5,0.79
CUST_320,Enterprise,17424.66,39.6,117.7,41.7,12,24.3,4,0.67
CUST_321,SMB,40339.82,131.1,65.7,90.9,48,18.7,3,0.91
CUST_322,SMB,1226.97,88.2,40.8,71.7,12,6.7,3,0.73
CUST_323,SMB,17341.46,437.2,186.4,61.2,24,24.2,2,0.54
CUST_324,Enterprise,20510.27,117.4,233.5,31.6,12,19.6,2,0.58
CUST_325,Startup,27332.38,488.2,195.0,82.6,12,24.5,1,0.53
CUST_326,SMB,46072.93,175.1,161.4,95.6,36,23.8,4,0.75
CUST_327,SMB,17970.95,99.2,17.4,82.3,36,25.1,1,0.55
CUST_328,SMB,18000.71,397.0,290.7,1.2,12,18.0,3,0.56
CUST_329,Enterprise,37137.56,332.8,240.6,64.0,24,8.5,5,0.97
CUST_330,Enterprise,23158.68,254.1,91.4,6.1,12,21.8,5,0.94
CUST_331,Enterprise,12005.64,282.1,294.1,26.5,24,20.5,2,0.73
CUST_332,SMB,23169.54,362.4,182.6,6.9,24,23.6,5,0.99
CUST_333,Enterprise,7901.99,121.9,176.8,60.8,12,9.2,5,0.5
CUST_334,Enterprise,9642.96,498.2,225.7,69.0,12,9.9,5,0.81
CUST_335,Enterprise,25420.02,487.6,244.5,12.3,12,27.3,3,0.81
CUST_336,Enterprise,21527.35,328.7,198.7,39.0,48,23.7,5,0.73
CUST_337,Startup,45827.45,107.8,42.8,46.2,48,27.7,5,0.7
CUST_338,SMB,18757.3,343.3,104.8,37.5,12,24.0,5,0.73
CUST_339,Enterprise,29448.83,45.4,278.8,13.0,36,19.9,1,0.71
CUST_340,Enterprise,31980.95,25.0,71.3,42.5,12,21.4,3,0.87
CUST_341,Enterprise,1641.63,136.3,114.8,75.4,12,27.2,2,0.57
CUST_342,Enterprise,33513.33,236.7,132.5,8.0,36,19.5,1,0.6
CUST_343,Enterprise,9723.76,435.5,134.6,8.9,48,20.8,4,0.59
CUST_344,Enterprise,48092.45,366.3,185.8,36.1,48,8.9,3,0.63
CUST_345,Enterprise,8284.47,373.9,283.2,94.2,24,16.8,3,0.76
CUST_346,SMB,21316.58,218.5,76.0,67.2,12,22.9,4,0.56
CUST_347,SMB,5182.13,179.5,40.8,68.2,36,11.8,4,0.93
CUST_348,Enterprise,49846.84,191.8,63.3,36.8,12,10.1,4,0.65
CUST_349,Enterprise,25607.56,493.9,266.6,59.8,24,12.8,2,0.58
CUST_350,SMB,30173.87,29.7,195.5,2.0,12,11.0,5,0.84
CUST_351,SMB,4286.75,434.8,89.3,64.0,24,10.4,3,0.52
CUST_352,Startup,37748.06,293.6,245.7,91.4,12,15.6,5,0.81
CUST_353,SMB,11285.37,224.9,259.1,61.6,12,27.7,5,0.85
CUST_354,Enterprise,45004.66,365.4,254.7,87.5,48,17.7,4,0.61
CUST_355,Enterprise,11051.84,248.5,276.1,72.7,12,9.7,2,0.52
CUST_356,SMB,10343.7,438.0,79.4,12.9,24,6.9,1,0.68
CUST_357,Enterprise,2790.93,451.3,227.7,90.3,12,22.4,2,0.55
CUST_358,SMB,24131.28,216.6,140.9,7.6,12,14.6,5,0.56
CUST_359,Startup,28677.22,145.6,253.4,53.9,12,25.5,2,0.63
CUST_360,SMB,4219.72,300.3,219.9,15.1,12,21.5,4,0.65
CUST_361,Enterprise,39000.85,457.1,234.1,2.2,36,24.9,1,0.76
CUST_362,SMB,23211.15,113.2,198.6,42.8,12,11.8,4,0.84
CUST_363,Enterprise,26695.12,315.3,57.3,30.2,48,22.3,1,0.8
CUST_364,SMB,22597.37,319.5,165.8,49.1,24,11.6,5,0.57
CUST_365,Startup,20637.39,369.2,295.5,58.1,24,28.5,1,0.59
CUST_366,Enterprise,28422.38,74.5,281.5,5.3,24,20.9,1,0.94
CUST_367,Startup,8606.77,360.8,17.7,13.2,24,13.1,1,0.78
CUST_368,Startup,9914.48,455.4,53.6,56.3,36,11.7,2,0.93
CUST_369,Enterprise,43227.5,98.0,43.9,35.0,12,9.8,2,0.69
CUST_370,Enterprise,47359.66,126.4,219.2,73.2,12,22.4,5,0.81
CUST_371,Enterprise,19292.16,486.0,246.2,65.6,36,10.5,1,0.76
CUST_372,Enterprise,14266.49,98.7,68.0,84.7,48,19.9,3,0.66
CUST_373,Enterprise,32555.98,428.6,154.2,69.6,36,11.6,5,0.73
CUST_374,SMB,21027.97,251.2,253.0,43.6,24,21.5,1,0.75
CUST_375,Enterprise,2243.93,131.1,221.2,67.6,36,25.4,1,0.6
CUST_376,Enterprise,8651.48,436.7,165.0,28.3,24,24.5,2,0.66
CUST_377,Startup,36082.64,228.2,179.2,31.3,24,24.0,5,0.9
CUST_378,Enterprise,33287.27,262.3,155.0,79.1,12,9.7,1,0.96
CUST_379,Startup,2327.7,186.0,92.8,45.2,24,7.2,1,0.68
CUST_380,Enterprise,11876.64,300.5,171.7,80.0,12,22.5,5,0.65
CUST_381,Enterprise,12322.67,90.1,208.2,82.4,12,14.2,3,0.6
CUST_382,SMB,33922.74,201.6,262.6,85.9,36,15.8,5,0.84
CUST_383,SMB,1965.82,485.0,192.7,91.7,12,5.8,5,0.66
CUST_384,Startup,6101.32,136.5,229.5,43.7,12,11.5,3,0.99
CUST_385,SMB,40195.89,331.8,52.2,32.6,12,5.8,5,0.66
CUST_386,Startup,9748.69,169.3,141.2,58.6,48,27.0,1,0.7
CUST_387,Enterprise,32984.56,389.0,7.8,37.7,24,11.1,5,0.8
CUST_388,Enterprise,12670.96,74.1,77.8,60.5,24,18.9,3,0.9
CUST_389,SMB,5872.63,485.2,219.3,70.9,36,6.0,4,0.73
CUST_390,Startup,12915.44,232.4,297.6,69.2,36,21.7,5,0.71
CUST_391,Startup,36391.08,125.7,34.3,38.1,12,13.1,2,1.0
CUST_392,Enterprise,42929.13,46.0,123.4,17.5,24,27.4,1,0.51
CUST_393,Enterprise,41680.77,93.2,241.0,43.6,36,27.2,1,0.95
CUST_394,SMB,20461.99,264.7,65.2,15.1,24,13.1,2,0.57
CUST_395,Enterprise,33736.17,175.1,168.8,89.1,12,27.5,2,0.89
CUST_396,Startup,11044.23,416.2,221.3,35.2,36,29.9,5,0.81
CUST_397,Startup,15364.24,221.1,186.7,16.3,24,25.6,2,0.67
CUST_398,Enterprise,44920.46,131.9,60.5,3.5,12,26.1,4,0.94
CUST_399,SMB,1637.09,312.4,109.8,64.9,24,11.2,3,0.51
CUST_400,SMB,5189.92,356.3,236.2,64.1,12,19.4,2,0.61
CUST_401,Enterprise,11186.43,91.9,168.5,34.7,12,6.7,2,0.78
CUST_402,Startup,2300.08,92.1,6.5,8.1,36,7.4,4,0.68
CUST_403,SMB,9890.34,28.0,229.5,41.6,12,30.0,1,0.81
CUST_404,Startup,29569.04,370.8,15.4,31.8,24,13.2,1,0.51
CUST_405,Enterprise,21649.8,335.3,225.0,68.0,24,23.7,5,0.56
CUST_406,Startup,44740.91,242.6,64.7,61.0,12,25.2,4,0.56
CUST_407,Enterprise,41054.73,423.6,287.6,37.1,48,26.5,3,0.59
CUST_408,Enterprise,17749.05,404.8,113.5,22.6,12,29.9,3,0.73
CUST_409,Startup,13711.75,296.8,101.4,98.8,12,11.0,4,0.88
CUST_410,Enterprise,19604.93,435.5,48.9,45.9,12,6.0,3,0.95
CUST_411,Enterprise,29924.45,110.9,95.2,69.1,12,15.3,1,0.92
CUST_412,Startup,14135.12,64.8,263.6,14.9,12,8.3,3,0.6
CUST_413,Startup,31583.3,142.2,298.9,49.1,36,5.6,3,0.72
CUST_414,SMB,21061.17,38.0,113.7,3.7,48,14.0,4,0.6
CUST_415,SMB,28050.31,270.3,137.3,51.0,12,24.6,4,0.63
CUST_416,Enterprise,22370.2,468.9,218.0,96.4,24,19.2,3,0.75
CUST_417,Enterprise,15428.82,29.3,266.4,39.0,36,12.8,2,0.53
CUST_418,Enterprise,47474.21,69.8,179.9,4.9,36,21.4,4,0.61
CUST_419,SMB,38416.68,231.6,120.5,4.1,24,10.8,5,0.97
CUST_420,SMB,7865.55,467.6,126.7,39.4,12,5.4,5,0.73
CUST_421,SMB,43554.93,164.9,210.2,16.8,12,24.1,1,0.72
CUST_422,SMB,24884.13,258.5,5.9,3.3,36,20.6,3,0.51
CUST_423,Enterprise,44833.06,30.4,187.8,75.9,36,24.1,2,0.62
CUST_424,Enterprise,40192.91,82.7,109.9,46.4,12,6.0,1,0.93
CUST_425,Enterprise,21835.46,493.4,239.3,29.6,12,25.9,3,0.58
CUST_426,SMB,2101.0,482.9,32.4,90.1,48,20.5,4,0.71
CUST_427,Enterprise,14165.19,12.4,178.5,12.5,36,19.1,5,0.51
CUST_428,Startup,27540.08,476.4,146.9,95.6,48,20.6,2,0.74
CUST_429,Enterprise,32040.43,323.2,194.5,32.1,36,26.6,5,0.51
CUST_430,Enterprise,13636.5,435.3,24.1,89.0,12,19.7,4,0.91
CUST_431,Enterprise,7828.45,232.8,176.1,60.7,24,19.5,3,0.91
CUST_432,SMB,41911.58,262.6,170.6,82.8,24,29.8,4,0.89
CUST_433,SMB,49235.71,249.5,170.4,98.4,12,23.9,4,0.64
CUST_434,Enterprise,26758.82,336.8,183.0,29.6,24,16.1,5,0.92
CUST_435,Enterprise,9412.29,78.4,204.6,96.2,36,22.7,2,0.77
CUST_436,SMB,14343.06,24.7,242.5,39.6,12,14.7,4,0.69
CUST_437,Enterprise,1901.14,160.9,84.6,39.2,36,10.7,5,0.81
CUST_438,Startup,45800.64,355.3,248.4,34.7,24,19.9,2,0.51
CUST_439,SMB,6769.8,108.9,152.0,54.6,48,28.2,3,0.57
CUST_440,Enterprise,29249.31,340.0,27.7,16.3,12,28.2,3,0.87
CUST_441,Enterprise,14428.71,485.3,22.3,55.8,12,13.5,1,0.62
CUST_442,Startup,28154.72,56.0,103.6,54.6,24,18.2,5,0.8
CUST_443,Enterprise,32919.6,339.6,236.5,76.4,12,10.3,2,0.69
CUST_444,Enterprise,41657.35,227.4,213.8,83.5,36,29.9,4,0.93
CUST_445,Startup,11114.64,435.4,237.6,44.6,36,29.5,3,0.98
CUST_446,Startup,1538.8,96.8,157.6,30.9,12,21.2,2,0.94
CUST_447,Startup,7707.4,349.4,134.9,26.7,24,25.1,5,0.64
CUST_448,SMB,45100.91,420.7,48.5,20.3,24,22.9,1,0.6
CUST_449,Enterprise,43820.61,472.9,101.8,6.7,12,19.8,3,0.74
CUST_450,Enterprise,30273.24,344.8,133.0,34.9,48,6.3,2,0.5
CUST_451,SMB,30425.33,253.6,31.1,27.8,36,16.4,2,0.51
CUST_452,SMB,33586.8,312.7,70.1,96.7,24,21.9,2,0.78
CUST_453,Enterprise,9593.19,435.8,181.5,56.2,36,21.9,5,0.76
CUST_454,Startup,45806.19,289.6,222.0,35.4,24,14.3,5,1.0
CUST_455,Enterprise,21519.76,24.9,299.5,58.5,48,28.5,5,0.6
CUST_456,Enterprise,19773.79,466.2,280.3,14.8,24,9.2,4,0.63
CUST_457,Enterprise,26426.97,347.9,194.6,45.0,36,17.5,2,0.56
CUST_458,Enterprise,3301.33,341.5,129.3,63.0,36,22.3,3,0.96
CUST_459,Enterprise,9147.89,115.7,192.7,49.4,12,22.4,5,0.89
CUST_460,Enterprise,37163.65,332.9,236.8,40.8,36,21.2,5,0.91
CUST_461,Enterprise,5057.13,203.0,39.9,99.4,12,11.9,2,0.95
CUST_462,SMB,30554.45,329.1,125.9,88.2,12,8.9,5,0.76
CUST_463,SMB,13022.11,62.2,252.7,62.7,12,20.9,4,0.73
CUST_464,SMB,20075.49,332.3,118.2,57.4,48,20.0,4,0.67
CUST_465,Startup,15145.99,499.7,173.7,62.4,36,9.5,5,0.79
CUST_466,Enterprise,18427.96,33.6,178.4,20.9,36,22.6,2,0.73
CUST_467,Enterprise,36233.25,488.8,59.4,40.1,36,16.4,2,0.73
CUST_468,Startup,15558.96,209.4,111.9,4.9,24,21.7,2,0.97
CUST_469,Enterprise,28753.83,436.7,103.7,48.1,48,25.9,1,0.99
CUST_470,Startup,24326.47,393.4,12.7,54.8,24,9.2,5,0.9
CUST_471,Enterprise,33519.89,287.8,12.1,23.5,12,5.5,2,0.88
CUST_472,Startup,46904.66,371.8,250.4,96.4,12,24.5,4,0.84
CUST_473,Enterprise,36896.03,440.5,85.6,91.0,36,20.2,3,0.58
CUST_474,Startup,11532.08,208.0,157.8,72.5,36,22.5,3,0.53
CUST_475,SMB,2527.97,170.2,93.1,53.8,12,26.0,2,0.85
CUST_476,Startup,13850.94,337.1,282.5,87.1,12,25.1,3,0.86
CUST_477,Enterprise,30158.82,405.8,81.5,13.9,36,29.0,3,0.52
CUST_478,SMB,3519.86,383.5,131.7,79.3,12,18.4,1,0.96
CUST_479,Startup,25321.95,400.9,262.5,13.4,36,17.2,4,0.55
CUST_480,SMB,30245.3,223.4,253.4,79.6,48,15.0,4,0.64
CUST_481,SMB,17377.95,410.7,59.9,28.3,24,8.8,1,0.84
CUST_482,SMB,38774.7,68.9,241.8,87.8,12,19.3,1,0.58
CUST_483,Enterprise,6223.31,276.8,140.2,94.5,36,11.9,3,0.53
CUST_484,SMB,4681.75,12.8,147.5,15.7,36,28.0,5,0.67
CUST_485,SMB,36681.25,169.0,44.4,46.8,24,19.6,3,0.88
CUST_486,Startup,25279.07,189.6,28.8,98.1,48,19.8,1,0.71
CUST_487,Enterprise,34731.72,204.1,219.7,48.9,12,13.9,4,0.83
CUST_488,Enterprise,22306.54,350.8,151.5,86.5,24,6.3,3,0.79
CUST_489,Startup,13073.7,200.4,133.9,59.3,36,5.8,5,0.51
CUST_490,Startup,41136.01,229.9,220.2,38.2,36,15.6,3,0.99
CUST_491,Enterprise,40171.38,126.4,230.8,29.3,12,7.1,2,0.52
CUST_492,SMB,35040.13,192.9,51.9,21.1,36,20.2,3,0.98
CUST_493,Enterprise,14335.11,121.4,185.0,76.4,24,27.0,1,0.77
CUST_494,Enterprise,29921.3,45.9,44.9,39.3,12,27.1,4,0.98
CUST_495,Enterprise,18687.72,305.7,226.7,51.6,12,21.5,4,0.56
CUST_496,Enterprise,5487.52,337.4,198.8,49.7,36,10.3,1,0.75
CUST_497,SMB,45948.37,313.6,287.2,58.2,12,26.6,2,0.58
CUST_498,Enterprise,7704.11,237.1,25.3,86.7,12,27.2,1,0.53
CUST_499,Startup,47561.63,196.1,21.8,98.1,12,9.9,3,0.81
CUST_500,Startup,22854.28,433.0,88.2,41.4,36,23.4,1,0.6
